{
  "1 BECCLESGATE, NR19 1TD": [
    52.6821626,
    0.9365376
  ],
  "1 EMELSON CLOSE, NR19 2ES": [
    52.6853643,
    0.9430252
  ],
  "1 HAROLD WHITBY CLOSE, NR19 2UY": [
    52.6816853,
    0.9443476
  ],
  "1 YAXHAM ROAD, NR19 1HS": [
    52.6656583,
    0.9536789
  ],
  "10 BECCLESGATE, NR19 1TD": [
    52.6821626,
    0.9365376
  ],
  "10 BECCLESGATE, NR19 2BB": [
    52.6823818,
    0.9373743
  ],
  "10 BOTON DRIVE, NR19 2HG": [
    52.6911244,
    0.9412289
  ],
  "10 YAXHAM ROAD, NR19 1HS": [
    52.6656583,
    0.9536789
  ],
  "11 BECCLESGATE, NR19 1TD": [
    52.6821626,
    0.9365376
  ],
  "11 CARLTON CLOSE, NR19 1BS": [
    52.6769327,
    0.9384805
  ],
  "11 JENTIQUE CLOSE, NR19 1GA": [
    52.6743616,
    0.9438526
  ],
  "11 OAKAPPLE DRIVE, NR19 2SR": [
    52.6919608,
    0.9402301
  ],
  "11 RAYNHAM RIDE, NR19 2YE": null,
  "11 YAXHAM ROAD, NR19 1HS": [
    52.6656583,
    0.9536789
  ],
  "11-13 HIGH STREET, NR19 1DZ": [
    52.6804472,
    0.9414154
  ],
  "12 BECCLESGATE, NR19 1TD": [
    52.6821626,
    0.9365376
  ],
  "12 COLLINS WAY, NR19 1GU": [
    52.1060687,
    1.2485294
  ],
  "12 NEATHERD ROAD, NR19 2AF": [
    52.6823009,
    0.9442119
  ],
  "12 NELSON PLACE, NR19 1EA": [
    52.6807993,
    0.9415578
  ],
  "12 SHIPDHAM ROAD, NR19 1AH": [
    52.6630279,
    0.9403025
  ],
  "12 YAXHAM ROAD, NR19 1HS": [
    52.6656583,
    0.9536789
  ],
  "12A MARKET PLACE, NR19 2AW": null,
  "13 BECCLESGATE, NR19 1TD": [
    52.6821626,
    0.9365376
  ],
  "13 QUEBEC ROAD, NR19 2DR": [
    52.6865542,
    0.9389219
  ],
  "13 YAXHAM ROAD, NR19 1HS": [
    52.6656583,
    0.9536789
  ],
  "13E CHURCH STREET, NR19 1DJ": null,
  "14 BECCLESGATE, NR19 1TD": [
    52.6821626,
    0.9365376
  ],
  "14 DOWLING CLOSE, NR19 1GZ": [
    52.6602366,
    0.939741
  ],
  "14 GILPINS RIDE, NR19 1BJ": null,
  "14 LOWICK CLOSE, NR19 1EJ": [
    52.6695078,
    0.9400355
  ],
  "14 SHEDDICK COURT, NR19 2DT": [
    52.6855615,
    0.9381196
  ],
  "14 YAXHAM ROAD, NR19 1HS": [
    52.6656583,
    0.9536789
  ],
  "15 BECCLESGATE, NR19 1TD": [
    52.6821626,
    0.9365376
  ],
  "15 CEDAR COURT, NR19 1FG": [
    52.6801555,
    0.9467927
  ],
  "15 KINGS ROAD, NR19 2AG": [
    52.6838898,
    0.944335
  ],
  "15 SOUTHEND, NR19 1BB": [
    52.675221,
    0.9409681
  ],
  "15 WALPOLE LOKE, NR19 1EE": [
    52.6711718,
    0.957551
  ],
  "15 YAXHAM ROAD, NR19 1HS": [
    52.6656583,
    0.9536789
  ],
  "16 BECCLESGATE, NR19 1TD": [
    52.6821626,
    0.9365376
  ],
  "16 YAXHAM ROAD, NR19 1HS": [
    52.6656583,
    0.9536789
  ],
  "17 BECCLESGATE, NR19 1TD": [
    52.6821626,
    0.9365376
  ],
  "17 ELVIN ROAD, NR19 2DX": [
    52.683531,
    0.9375591
  ],
  "17 WESTFIELD LANE, NR19 1HU": [
    52.6631303,
    0.9488111
  ],
  "17 YAXHAM ROAD, NR19 1HS": [
    52.6656583,
    0.9536789
  ],
  "18 BECCLESGATE, NR19 1TD": [
    52.6821626,
    0.9365376
  ],
  "18 COMMERCIAL ROAD, NR19 1AE": [
    52.6784446,
    0.9439936
  ],
  "18 ERWIN COURT, NR19 1GF": null,
  "18 YAXHAM ROAD, NR19 1HS": [
    52.6656583,
    0.9536789
  ],
  "19 BECCLESGATE, NR19 1TD": [
    52.6821626,
    0.9365376
  ],
  "19 KINGS ROAD, NR19 2AG": [
    52.6838898,
    0.944335
  ],
  "19 PETERS WAY, NR19 1DE": [
    52.6595882,
    0.9907518
  ],
  "19 STIGANDS GATE, NR19 2HF": null,
  "19 YAXHAM ROAD, NR19 1HS": [
    52.6656583,
    0.9536789
  ],
  "1A NEATHERD ROAD, NR19 2AE": [
    52.6822023,
    0.945664
  ],
  "2 BECCLESGATE, NR19 1TD": [
    52.6821626,
    0.9365376
  ],
  "2 BRIDGE GARDENS, NR19 1HT": [
    52.6638836,
    0.9502431
  ],
  "2 BULWER ROAD, NR19 2HA": [
    52.6907872,
    0.9433349
  ],
  "2 CHURCH STREET, NR19 1DJ": [
    52.6809604,
    0.940423
  ],
  "2 DOROTHEA DRIVE, NR19 1EP": [
    52.6694453,
    0.9359813
  ],
  "2 MAGPIE COURT, NR19 2FG": [
    52.6870656,
    0.9393794
  ],
  "2 MOUNT PLEASANT DERAHAM, NR19 2DW": null,
  "2 RUSSET WAY, NR19 1GX": [
    52.673064,
    0.9439831
  ],
  "2 YAXHAM ROAD, NR19 1HS": [
    52.6604762,
    0.9915011
  ],
  "20 BECCLESGATE, NR19 1TD": [
    52.6821626,
    0.9365376
  ],
  "20 MARKET PLACE, NR19 2AX": [
    52.6824155,
    0.9405287
  ],
  "20 QUEBEC HALL BUNGALOWS, NR19 2QY": null,
  "20 YAXHAM ROAD, NR19 1HS": [
    52.6656583,
    0.9536789
  ],
  "21 BEATRICE AVENUE, NR19 1AQ": [
    52.6762713,
    0.9425913
  ],
  "21 BECCLESGATE, NR19 1TD": [
    52.6821626,
    0.9365376
  ],
  "21 GEORGE BORROW ROAD, NR19 1HH": [
    52.6697761,
    0.9549621
  ],
  "21 OAKWOOD CLOSE, NR19 2ST": [
    52.6924477,
    0.942255
  ],
  "21 YAXHAM ROAD, NR19 1HS": [
    52.6740166,
    0.94791
  ],
  "22 BECCLESGATE, NR19 1TD": [
    52.6821626,
    0.9365376
  ],
  "22 CYGNET ROAD, NR19 1BF": [
    52.6756758,
    0.9427616
  ],
  "22 HOWARD CRESCENT, NR19 1EF": [
    52.6768159,
    0.9412004
  ],
  "22 YAXHAM ROAD, NR19 1HS": [
    52.6656583,
    0.9536789
  ],
  "23 BECCLESGATE, NR19 1TD": [
    52.6821626,
    0.9365376
  ],
  "23 DE-NARDE ROAD, NR19 2HQ": [
    52.6905417,
    0.9400819
  ],
  "23 SWANTON ROAD, NR19 2HH": [
    52.6856943,
    0.9473044
  ],
  "23 WELLINGTON ROAD, NR19 2BP": [
    52.6823654,
    0.9423818
  ],
  "23 YAXHAM ROAD, NR19 1HS": [
    52.6740166,
    0.94791
  ],
  "24 BECCLESGATE, NR19 1TD": [
    52.6821626,
    0.9365376
  ],
  "24 ST. NICHOLAS STREET, NR19 2BS": [
    52.6829142,
    0.9423444
  ],
  "24 YAXHAM ROAD, NR19 1HS": [
    52.6656583,
    0.9536789
  ],
  "25 BECCLESGATE, NR19 1TD": [
    52.6821626,
    0.9365376
  ],
  "25 YAXHAM ROAD, NR19 1HS": [
    52.6656583,
    0.9536789
  ],
  "26 BECCLESGATE, NR19 1TD": [
    52.6821626,
    0.9365376
  ],
  "26 CEMETERY ROAD, NR19 2ET": [
    52.4167083,
    0.5278693
  ],
  "26 SWANTON AVENUE, NR19 2HJ": [
    52.6865013,
    0.9473837
  ],
  "26 TOWNSHEND ROAD, NR19 2YD": [
    52.6916392,
    0.9388718
  ],
  "26 YAXHAM ROAD, NR19 1HS": [
    52.6656583,
    0.9536789
  ],
  "27 BECCLESGATE, NR19 1TD": [
    52.6821626,
    0.9365376
  ],
  "27 YAXHAM ROAD, NR19 1HS": [
    52.6656583,
    0.9536789
  ],
  "28 BECCLESGATE, NR19 1TD": [
    52.6821626,
    0.9365376
  ],
  "28 YAXHAM ROAD, NR19 1HS": [
    52.6656583,
    0.9536789
  ],
  "29 BECCLESGATE, NR19 1TD": [
    52.6821626,
    0.9365376
  ],
  "29 PERKINS COURT, NR19 1BZ": [
    51.4306504,
    -0.4686593
  ],
  "29 YAXHAM ROAD, NR19 1HS": [
    52.6656583,
    0.9536789
  ],
  "3 BECCLESGATE, NR19 1TD": [
    52.6821626,
    0.9365376
  ],
  "3 CASAUBON CLOSE, NR19 1EG": [
    52.6695255,
    0.9344269
  ],
  "3 COURTENAY CLOSE, NR19 1BE": [
    52.6781637,
    0.9400724
  ],
  "3 MARKET PLACE, NR19 1DY": [
    52.6170834,
    -1.6165161
  ],
  "3 SMITHSON LOKE, NR19 1GG": [
    52.6617803,
    0.9385033
  ],
  "3 YAXHAM ROAD, NR19 1HS": [
    52.6656583,
    0.9536789
  ],
  "30 BECCLESGATE, NR19 1TD": [
    52.6821626,
    0.9365376
  ],
  "30 YAXHAM ROAD, NR19 1HS": [
    52.6656583,
    0.9536789
  ],
  "31 BECCLESGATE, NR19 1TD": [
    52.6821626,
    0.9365376
  ],
  "31 YAXHAM ROAD, NR19 1HS": [
    52.6656583,
    0.9536789
  ],
  "32 BECCLESGATE, NR19 1TD": [
    52.6821626,
    0.9365376
  ],
  "32 WINDSOR PARK, NR19 2SU": [
    52.6937096,
    0.9407933
  ],
  "32 YAXHAM ROAD, NR19 1HS": [
    52.6656583,
    0.9536789
  ],
  "33 BECCLESGATE, NR19 1TD": [
    52.6821626,
    0.9365376
  ],
  "33 BISHOPTYNE AVENUE, NR19 1HJ": [
    52.6705853,
    0.9558426
  ],
  "33 SARDIS WAY, NR19 1BN": [
    52.6757406,
    0.9379696
  ],
  "33 YAXHAM ROAD, NR19 1HS": [
    52.6656583,
    0.9536789
  ],
  "34 BECCLESGATE, NR19 1TD": [
    52.6821626,
    0.9365376
  ],
  "34 LONDON ROAD, NR19 1AS": [
    52.6760661,
    0.9442226
  ],
  "34 MARKET PLACE, NR19 2AS": [
    52.6816228,
    0.9407055
  ],
  "34 YAXHAM ROAD, NR19 1HS": [
    52.6656583,
    0.9536789
  ],
  "35 BECCLESGATE, NR19 1TD": [
    52.6821626,
    0.9365376
  ],
  "35 YAXHAM ROAD, NR19 1HS": [
    52.6737686,
    0.9490594
  ],