{
  "52.70411,0.82588->52.69570,0.95525": {
    "distance_m": 12151,
    "duration_s": 700.2
  },
  "52.69570,0.95525->52.70804,0.90662": {
    "distance_m": 7759,
    "duration_s": 376.7
  },
  "52.70804,0.90662->52.69960,0.90653": {
    "distance_m": 1114.1,
    "duration_s": 55.2
  },
  "52.69960,0.90653->52.69941,0.90437": {
    "distance_m": 189.9,
    "duration_s": 26.2
  },
  "52.69941,0.90437->52.68947,0.92825": {
    "distance_m": 2856.8,
    "duration_s": 313.4
  },
  "52.68947,0.92825->52.68703,0.93506": {
    "distance_m": 833.3,
    "duration_s": 222.1
  },
  "52.68703,0.93506->52.68654,0.93449": {
    "distance_m": 228.8,
    "duration_s": 26.9
  },
  "52.68654,0.93449->52.68379,0.93549": {
    "distance_m": 310,
    "duration_s": 28.8
  },
  "52.68379,0.93549->52.68852,0.93242": {
    "distance_m": 603,
    "duration_s": 68.8
  },
  "52.68852,0.93242->52.68574,0.93743": {
    "distance_m": 1361.9,
    "duration_s": 160.9
  },
  "52.68574,0.93743->52.68671,0.93962": {
    "distance_m": 427.2,
    "duration_s": 59.8
  },
  "52.68671,0.93962->52.69017,0.93991": {
    "distance_m": 474.4,
    "duration_s": 57.2
  },
  "52.69017,0.93991->52.69125,0.93898": {
    "distance_m": 279.8,
    "duration_s": 45
  },
  "52.69125,0.93898->52.69168,0.93862": {
    "distance_m": 51.1,
    "duration_s": 17.3
  },
  "52.69168,0.93862->52.69257,0.93713": {
    "distance_m": 775.5,
    "duration_s": 89.2
  },
  "52.69257,0.93713->52.69339,0.93988": {
    "distance_m": 3619.5,
    "duration_s": 208.6
  },
  "52.69339,0.93988->52.69213,0.94234": {
    "distance_m": 1252.5,
    "duration_s": 109.3
  },
  "52.69213,0.94234->52.69186,0.94263": {
    "distance_m": 360.2,
    "duration_s": 51.7
  },
  "52.69186,0.94263->52.68820,0.94465": {
    "distance_m": 486.5,
    "duration_s": 51.6
  },
  "52.68820,0.94465->52.69263,0.94162": {
    "distance_m": 615.5,
    "duration_s": 61.7
  },
  "52.69263,0.94162->52.69077,0.94154": {
    "distance_m": 359.5,
    "duration_s": 40.7
  },
  "52.69077,0.94154->52.68996,0.94212": {
    "distance_m": 238.4,
    "duration_s": 36.3
  },
  "52.68996,0.94212->52.68963,0.94060": {
    "distance_m": 2243.9,
    "duration_s": 228.6
  },
  "52.68963,0.94060->52.68819,0.93313": {
    "distance_m": 1988.4,
    "duration_s": 147
  },
  "52.68819,0.93313->52.68751,0.93735": {
    "distance_m": 2111.8,
    "duration_s": 139
  },
  "52.68751,0.93735->52.68660,0.93738": {
    "distance_m": 71,
    "duration_s": 6.6
  },
  "52.68660,0.93738->52.68432,0.93427": {
    "distance_m": 1181.9,
    "duration_s": 123.7
  },
  "52.68432,0.93427->52.68399,0.93358": {
    "distance_m": 139.1,
    "duration_s": 18.5
  },
  "52.68399,0.93358->52.68366,0.93616": {
    "distance_m": 211.7,
    "duration_s": 29
  },
  "52.68366,0.93616->52.68313,0.93604": {
    "distance_m": 139.2,
    "duration_s": 29.5
  },
  "52.68313,0.93604->52.68306,0.93508": {
    "distance_m": 65.5,
    "duration_s": 11
  },
  "52.68306,0.93508->52.68271,0.93624": {
    "distance_m": 100.4,
    "duration_s": 20.5
  },
  "52.68271,0.93624->52.68239,0.93498": {
    "distance_m": 207.7,
    "duration_s": 31.6
  },
  "52.68239,0.93498->52.68179,0.94885": {
    "distance_m": 1298,
    "duration_s": 135.2
  }
}